<annotation>
	<folder>train</folder>
	<filename>image6.jpg</filename>
	<path>D:\SANJEEV\NEHAA\marsh\images\train\image6.jpg</path>
	<source>
		<database>Unknown</database>
	</source>
	<size>
		<width>275</width>
		<height>183</height>
		<depth>3</depth>
	</size>
	<segmented>0</segmented>
	<object>
		<name>Glass</name>
		<pose>Unspecified</pose>
		<truncated>0</truncated>
		<difficult>0</difficult>
		<bndbox>
			<xmin>107</xmin>
			<ymin>55</ymin>
			<xmax>169</xmax>
			<ymax>123</ymax>
		</bndbox>
	</object>
	<object>
		<name>Steel</name>
		<pose>Unspecified</pose>
		<truncated>1</truncated>
		<difficult>0</difficult>
		<bndbox>
			<xmin>190</xmin>
			<ymin>9</ymin>
			<xmax>275</xmax>
			<ymax>127</ymax>
		</bndbox>
	</object>
</annotation>
