<annotation>
	<folder>train</folder>
	<filename>images8.jpg</filename>
	<path>D:\SANJEEV\NEHAA\marsh\images\train\images8.jpg</path>
	<source>
		<database>Unknown</database>
	</source>
	<size>
		<width>275</width>
		<height>183</height>
		<depth>3</depth>
	</size>
	<segmented>0</segmented>
	<object>
		<name>Glass</name>
		<pose>Unspecified</pose>
		<truncated>0</truncated>
		<difficult>0</difficult>
		<bndbox>
			<xmin>58</xmin>
			<ymin>41</ymin>
			<xmax>194</xmax>
			<ymax>67</ymax>
		</bndbox>
	</object>
</annotation>
