<annotation>
	<folder>train</folder>
	<filename>image7.jpg</filename>
	<path>D:\SANJEEV\NEHAA\marsh\images\train\image7.jpg</path>
	<source>
		<database>Unknown</database>
	</source>
	<size>
		<width>261</width>
		<height>193</height>
		<depth>3</depth>
	</size>
	<segmented>0</segmented>
	<object>
		<name>Brick</name>
		<pose>Unspecified</pose>
		<truncated>0</truncated>
		<difficult>0</difficult>
		<bndbox>
			<xmin>34</xmin>
			<ymin>17</ymin>
			<xmax>210</xmax>
			<ymax>145</ymax>
		</bndbox>
	</object>
	<object>
		<name>Brick</name>
		<pose>Unspecified</pose>
		<truncated>1</truncated>
		<difficult>0</difficult>
		<bndbox>
			<xmin>220</xmin>
			<ymin>76</ymin>
			<xmax>261</xmax>
			<ymax>112</ymax>
		</bndbox>
	</object>
</annotation>
