<annotation>
	<folder>train</folder>
	<filename>image1.jpg</filename>
	<path>D:\SANJEEV\NEHAA\marsh\images\train\image1.jpg</path>
	<source>
		<database>Unknown</database>
	</source>
	<size>
		<width>275</width>
		<height>183</height>
		<depth>3</depth>
	</size>
	<segmented>0</segmented>
	<object>
		<name>Glass</name>
		<pose>Unspecified</pose>
		<truncated>0</truncated>
		<difficult>0</difficult>
		<bndbox>
			<xmin>125</xmin>
			<ymin>29</ymin>
			<xmax>148</xmax>
			<ymax>111</ymax>
		</bndbox>
	</object>
	<object>
		<name>Brick</name>
		<pose>Unspecified</pose>
		<truncated>0</truncated>
		<difficult>0</difficult>
		<bndbox>
			<xmin>84</xmin>
			<ymin>67</ymin>
			<xmax>102</xmax>
			<ymax>108</ymax>
		</bndbox>
	</object>
	<object>
		<name>Brick</name>
		<pose>Unspecified</pose>
		<truncated>0</truncated>
		<difficult>0</difficult>
		<bndbox>
			<xmin>3</xmin>
			<ymin>135</ymin>
			<xmax>42</xmax>
			<ymax>172</ymax>
		</bndbox>
	</object>
	<object>
		<name>Steel</name>
		<pose>Unspecified</pose>
		<truncated>0</truncated>
		<difficult>0</difficult>
		<bndbox>
			<xmin>175</xmin>
			<ymin>62</ymin>
			<xmax>191</xmax>
			<ymax>111</ymax>
		</bndbox>
	</object>
	<object>
		<name>Iron</name>
		<pose>Unspecified</pose>
		<truncated>0</truncated>
		<difficult>0</difficult>
		<bndbox>
			<xmin>196</xmin>
			<ymin>61</ymin>
			<xmax>207</xmax>
			<ymax>108</ymax>
		</bndbox>
	</object>
</annotation>
