<annotation>
	<folder>train</folder>
	<filename>image5.jpg</filename>
	<path>D:\SANJEEV\NEHAA\marsh\images\train\image5.jpg</path>
	<source>
		<database>Unknown</database>
	</source>
	<size>
		<width>276</width>
		<height>183</height>
		<depth>3</depth>
	</size>
	<segmented>0</segmented>
	<object>
		<name>Brick</name>
		<pose>Unspecified</pose>
		<truncated>0</truncated>
		<difficult>0</difficult>
		<bndbox>
			<xmin>18</xmin>
			<ymin>89</ymin>
			<xmax>127</xmax>
			<ymax>154</ymax>
		</bndbox>
	</object>
	<object>
		<name>Glass</name>
		<pose>Unspecified</pose>
		<truncated>0</truncated>
		<difficult>0</difficult>
		<bndbox>
			<xmin>129</xmin>
			<ymin>32</ymin>
			<xmax>259</xmax>
			<ymax>146</ymax>
		</bndbox>
	</object>
</annotation>
