<annotation>
	<folder>train</folder>
	<filename>image3.jpg</filename>
	<path>D:\SANJEEV\NEHAA\marsh\images\train\image3.jpg</path>
	<source>
		<database>Unknown</database>
	</source>
	<size>
		<width>241</width>
		<height>209</height>
		<depth>3</depth>
	</size>
	<segmented>0</segmented>
	<object>
		<name>Glass</name>
		<pose>Unspecified</pose>
		<truncated>0</truncated>
		<difficult>0</difficult>
		<bndbox>
			<xmin>11</xmin>
			<ymin>12</ymin>
			<xmax>131</xmax>
			<ymax>175</ymax>
		</bndbox>
	</object>
	<object>
		<name>Glass</name>
		<pose>Unspecified</pose>
		<truncated>0</truncated>
		<difficult>0</difficult>
		<bndbox>
			<xmin>135</xmin>
			<ymin>98</ymin>
			<xmax>222</xmax>
			<ymax>172</ymax>
		</bndbox>
	</object>
	<object>
		<name>Glass</name>
		<pose>Unspecified</pose>
		<truncated>0</truncated>
		<difficult>0</difficult>
		<bndbox>
			<xmin>223</xmin>
			<ymin>129</ymin>
			<xmax>240</xmax>
			<ymax>171</ymax>
		</bndbox>
	</object>
	<object>
		<name>Iron</name>
		<pose>Unspecified</pose>
		<truncated>0</truncated>
		<difficult>0</difficult>
		<bndbox>
			<xmin>12</xmin>
			<ymin>184</ymin>
			<xmax>237</xmax>
			<ymax>193</ymax>
		</bndbox>
	</object>
</annotation>
