<annotation>
	<folder>train</folder>
	<filename>image9.jpg</filename>
	<path>D:\SANJEEV\NEHAA\marsh\images\train\image9.jpg</path>
	<source>
		<database>Unknown</database>
	</source>
	<size>
		<width>318</width>
		<height>159</height>
		<depth>3</depth>
	</size>
	<segmented>0</segmented>
	<object>
		<name>Brick</name>
		<pose>Unspecified</pose>
		<truncated>0</truncated>
		<difficult>0</difficult>
		<bndbox>
			<xmin>21</xmin>
			<ymin>30</ymin>
			<xmax>132</xmax>
			<ymax>140</ymax>
		</bndbox>
	</object>
	<object>
		<name>Wood</name>
		<pose>Unspecified</pose>
		<truncated>0</truncated>
		<difficult>0</difficult>
		<bndbox>
			<xmin>172</xmin>
			<ymin>2</ymin>
			<xmax>308</xmax>
			<ymax>149</ymax>
		</bndbox>
	</object>
</annotation>
