<annotation>
	<folder>train</folder>
	<filename>image10.jpg</filename>
	<path>D:\SANJEEV\NEHAA\marsh\images\train\image10.jpg</path>
	<source>
		<database>Unknown</database>
	</source>
	<size>
		<width>267</width>
		<height>189</height>
		<depth>3</depth>
	</size>
	<segmented>0</segmented>
	<object>
		<name>Brick</name>
		<pose>Unspecified</pose>
		<truncated>0</truncated>
		<difficult>0</difficult>
		<bndbox>
			<xmin>22</xmin>
			<ymin>43</ymin>
			<xmax>251</xmax>
			<ymax>166</ymax>
		</bndbox>
	</object>
</annotation>
